[
  { 
    "name": "Espresso", 
    "ingredients": [
      ["espresso",    30, "#221100"]
    ]
  },
  { 
    "name": "Espresso Doppio",
    "ingredients": [
      ["espresso",    60, "#221100"]
    ]
  },
    { 
    "name": "Cafe Macchiato", 
    "ingredients": [
      ["espresso",    60, "#221100"], 
      ["foamedmilk",  10, "#DDDDCC"]
    ]
  },
  { 
    "name": "Cafe Cortado",
    "ingredients": [
      ["espresso",    60, "#221100"], 
      ["foamedmilk",  30, "#DDDDCC"]
    ]
  },
  { 
    "name": "Capucchino", 
    "ingredients": [
      ["espresso",    40, "#221100"], 
      ["steamedmilk", 40, "#FFFFFF"],
      ["foamedmilk",  40, "#DDDDCC"]
    ]
  },
  { 
    "name": "Americano", 
    "ingredients": [
      ["espresso",    50, "#221100"], 
      ["hotwater",    60, "#0099FF"]
    ]
  },
  { 
    "name": "Black Eye", 
    "ingredients": [
      ["espresso",    50, "#221100"], 
      ["brewedcoffee",50, "#443322"]
    ]
  },
  { 
    "name": "Mocha", 
    "ingredients": [
      ["espresso",    50, "#221100"], 
      ["chocolate",   50, "#AA6644"], 
      ["steamedmilk", 20, "#FFFFFF"]
    ]
  },
  { 
    "name": "Irish Coffee", 
    "ingredients": [
      ["espresso",    60, "#221100"], 
      ["whiskey",     40, "#FFCC77"], 
      ["whippedcream",20, "#FFFFFF"]
    ]
  }
]
